2023-07-08 18:34:55,1234567890,,,,,55,1.90,8.0,,0
2023-07-08 18:35:06,1234567890,,,,,55,1.90,8.0,,0
2023-07-08 18:40:01,1234567890,,,,,59,1.90,8.0,,0
2023-07-08 18:41:01,1234567890,,,,,59,1.90,8.0,,0
2023-07-08 18:42:01,1234567890,,,,,59,1.90,8.0,,0
2023-07-08 18:43:01,1234567890,,,,,59,1.90,8.0,,0
2023-07-08 18:44:01,1234567890,,,,,60,1.90,8.0,,0
2023-07-08 18:45:01,1234567890,,,,,60,1.90,8.0,,0
2023-07-08 18:46:02,1234567890,,,,,60,1.90,8.0,,0
2023-07-08 18:47:01,1234567890,,,,,60,1.90,8.0,,1
2023-07-08 18:48:01,1234567890,,,,,60,1.90,8.0,,1
2023-07-08 18:49:01,1234567890,,,,,60,1.90,8.0,,0
2023-07-08 18:50:01,1234567890,,,,,60,1.90,8.0,,0
2023-07-08 18:51:01,1234567890,,,,,60,1.90,8.0,,0
2023-07-08 18:52:01,1234567890,,,,,60,1.90,8.0,,0
2023-07-08 18:53:01,1234567890,,,,,60,1.90,8.0,,0
2023-07-08 18:54:01,1234567890,,,,,50,1.90,8.0,,0
2023-07-08 18:55:01,1234567890,,,,,50,1.90,8.0,,0
2023-07-08 18:56:02,1234567890,,,,,50,1.90,8.0,,1
2023-07-08 18:57:01,1234567890,,,,,50,1.90,8.0,,0
2023-07-08 18:58:01,1234567890,,,,,50,1.90,8.0,,0
2023-07-08 18:59:01,1234567890,,,,,42,1.90,8.0,,0
2023-07-08 19:00:01,1234567890,,,,,42,1.90,8.0,,0
2023-07-08 19:01:02,1234567890,,,,,42,1.90,8.0,,0
2023-07-08 19:02:01,1234567890,,,,,42,1.90,8.0,,0
2023-07-08 19:03:01,1234567890,,,,,40,1.90,8.0,,0
2023-07-08 19:04:01,1234567890,,,,,40,1.90,8.0,,1
2023-07-08 19:05:01,1234567890,,,,,40,1.90,8.0,,1
2023-07-08 19:06:07,1234567890,,,,,40,1.90,8.0,,0
2023-07-08 19:07:01,1234567890,,,,,40,1.90,8.0,,0
2023-07-08 19:08:01,1234567890,,,,,40,1.90,8.0,,0
2023-07-08 19:09:02,1234567890,,,,,41,1.90,8.0,,0
2023-07-08 19:10:01,1234567890,,,,,41,1.90,8.0,,0
2023-07-08 19:11:02,1234567890,,,,,41,1.90,8.0,,0
2023-07-08 19:12:01,1234567890,,,,,41,1.90,8.0,,0
2023-07-08 19:13:01,1234567890,,,,,41,1.90,8.0,,1
2023-07-08 19:14:01,1234567890,,,,,35,1.90,8.0,,0
2023-07-08 19:15:01,1234567890,,,,,35,1.90,8.0,,0
2023-07-08 19:16:01,1234567890,,,,,35,1.90,8.0,,0
2023-07-08 19:17:01,1234567890,,,,,35,1.90,8.0,,0
2023-07-08 19:18:01,1234567890,,,,,35,1.90,8.0,,0
2023-07-08 19:19:01,1234567890,,,,,27,1.90,8.0,,0
2023-07-08 19:20:01,1234567890,,,,,27,1.90,8.0,,0
2023-07-08 19:21:01,1234567890,,,,,27,1.90,8.0,,1
2023-07-08 19:22:01,1234567890,,,,,27,1.90,8.0,,0
2023-07-08 19:23:01,1234567890,,,,,27,1.90,8.0,,0
2023-07-08 19:24:01,1234567890,,,,,23,1.90,8.0,,0
2023-07-08 19:25:01,1234567890,,,,,23,1.90,8.0,,0
2023-07-08 19:26:01,1234567890,,,,,23,1.90,8.0,,0
2023-07-08 19:27:01,1234567890,,,,,23,1.90,8.0,,0
2023-07-08 19:28:01,1234567890,,,,,24,1.90,8.1,,0
2023-07-08 19:29:01,1234567890,,,,,24,1.90,8.1,,0
2023-07-08 19:30:01,1234567890,,,,,24,1.90,8.1,,1
2023-07-08 19:31:01,1234567890,,,,,24,1.90,8.1,,0
2023-07-08 19:32:01,1234567890,,,,,24,1.90,8.1,,0
2023-07-08 19:33:01,1234567890,,,,,24,1.90,8.1,,0
2023-07-08 19:34:02,1234567890,,,,,25,1.90,8.1,,0
2023-07-08 19:35:01,1234567890,,,,,25,1.90,8.1,,0
2023-07-08 19:36:02,1234567890,,,,,25,1.90,8.1,,0
2023-07-08 19:37:01,1234567890,,,,,25,1.90,8.1,,0
2023-07-08 19:38:01,1234567890,,,,,25,1.90,8.1,,1
2023-07-08 19:39:01,1234567890,,,,,29,1.90,8.1,,0
2023-07-08 19:40:01,1234567890,,,,,29,1.90,8.1,,0
2023-07-08 19:41:02,1234567890,,,,,29,1.90,8.1,,0
2023-07-08 19:42:01,1234567890,,,,,29,1.90,8.1,,0
2023-07-08 19:43:01,1234567890,,,,,29,1.90,8.1,,0
2023-07-08 19:44:01,1234567890,,,,,33,1.90,8.1,,0
2023-07-08 19:45:01,1234567890,,,,,33,1.90,8.1,,0
2023-07-08 19:46:01,1234567890,,,,,33,1.90,8.1,,0
2023-07-08 19:47:02,1234567890,,,,,33,1.90,8.1,,1
2023-07-08 19:48:01,1234567890,,,,,33,1.90,8.1,,0
2023-07-08 19:49:01,1234567890,,,,,30,1.90,8.1,,0
2023-07-08 19:50:01,1234567890,,,,,30,1.90,8.1,,0
2023-07-08 19:51:01,1234567890,,,,,30,1.90,8.1,,0
2023-07-08 19:52:01,1234567890,,,,,30,1.90,8.1,,0
2023-07-08 19:53:01,1234567890,,,,,30,1.90,8.1,,0
2023-07-08 19:54:01,1234567890,,,,,23,1.90,8.1,,0
2023-07-08 19:55:01,1234567890,,,,,23,1.90,8.1,,1
2023-07-08 19:56:01,1234567890,,,,,23,1.90,8.1,,0
2023-07-08 19:57:01,1234567890,,,,,23,1.90,8.1,,0
2023-07-08 19:58:01,1234567890,,,,,23,1.90,8.1,,0
2023-07-08 19:59:01,1234567890,,,,,18,1.90,8.1,,0
2023-07-08 20:00:01,1234567890,,,,,18,1.90,8.1,,0
2023-07-08 20:01:01,1234567890,,,,,18,1.90,8.1,,0
2023-07-08 20:02:01,,,,,,,,,,
2023-07-08 20:03:01,1234567890,,,,,18,1.90,8.1,,1
2023-07-08 20:04:01,1234567890,,,,,15,1.90,8.1,,1
2023-07-08 20:05:01,1234567890,,,,,15,1.90,8.1,,0
2023-07-08 20:06:02,1234567890,,,,,15,1.90,8.1,,0
2023-07-08 20:07:01,1234567890,,,,,15,1.90,8.1,,0
2023-07-08 20:08:01,1234567890,,,,,15,1.90,8.1,,0
2023-07-08 20:09:01,1234567890,,,,,12,1.90,8.1,,0
2023-07-08 20:10:01,1234567890,,,,,12,1.90,8.1,,0
2023-07-08 20:11:01,1234567890,,,,,12,1.90,8.1,,0
2023-07-08 20:12:01,1234567890,,,,,12,1.90,8.1,,1
2023-07-08 20:13:01,1234567890,,,,,12,1.90,8.1,,0
2023-07-08 20:14:01,1234567890,,,,,11,1.90,8.1,,0
2023-07-08 20:15:01,1234567890,,,,,11,1.90,8.1,,0
2023-07-08 20:16:01,1234567890,,,,,11,1.90,8.1,,0
2023-07-08 20:17:01,1234567890,,,,,11,1.90,8.1,,0
2023-07-08 20:18:01,1234567890,,,,,11,1.90,8.1,,0
2023-07-08 20:19:01,1234567890,,,,,12,1.90,8.1,,0
2023-07-08 20:20:01,1234567890,,,,,12,1.90,8.1,,1
2023-07-08 20:21:02,1234567890,,,,,12,1.90,8.1,,0
2023-07-08 20:22:01,1234567890,,,,,12,1.90,8.1,,0
2023-07-08 20:23:01,1234567890,,,,,12,1.90,8.1,,0
2023-07-08 20:24:01,1234567890,,,,,14,1.90,8.1,,0
2023-07-08 20:25:01,1234567890,,,,,14,1.90,8.1,,0
2023-07-08 20:26:01,1234567890,,,,,14,1.90,8.1,,0
2023-07-08 20:27:01,1234567890,,,,,14,1.90,8.1,,0
2023-07-08 20:28:01,1234567890,,,,,18,1.90,8.1,,0
2023-07-08 20:29:01,1234567890,,,,,18,1.90,8.1,,1
2023-07-08 20:30:01,1234567890,,,,,18,1.90,8.1,,0
2023-07-08 20:31:02,1234567890,,,,,18,1.90,8.1,,0
2023-07-08 20:32:01,1234567890,,,,,18,1.90,8.1,,0
2023-07-08 20:33:01,1234567890,,,,,18,1.90,8.1,,0
2023-07-08 20:34:01,1234567890,,,,,21,1.90,8.1,,0
2023-07-08 20:35:01,1234567890,,,,,21,1.90,8.1,,0
2023-07-08 20:36:01,1234567890,,,,,21,1.90,8.1,,0
2023-07-08 20:37:01,1234567890,,,,,21,1.90,8.1,,1
2023-07-08 20:38:01,1234567890,,,,,21,1.90,8.1,,0
2023-07-08 20:39:01,1234567890,,,,,22,1.90,8.1,,0
2023-07-08 20:40:01,1234567890,,,,,22,1.90,8.1,,0
2023-07-08 20:41:01,1234567890,,,,,22,1.90,8.1,,0
2023-07-08 20:42:01,1234567890,,,,,22,1.90,8.1,,0
2023-07-08 20:43:01,1234567890,,,,,22,1.90,8.1,,0
2023-07-08 20:44:01,1234567890,,,,,19,1.90,8.1,,0
2023-07-08 20:45:01,1234567890,,,,,19,1.90,8.1,,0
2023-07-08 20:46:02,1234567890,,,,,19,1.90,8.1,,1
2023-07-08 20:47:01,1234567890,,,,,19,1.90,8.1,,0
2023-07-08 20:48:01,1234567890,,,,,19,1.90,8.1,,0
2023-07-08 20:49:01,1234567890,,,,,15,1.90,8.1,,0
2023-07-08 20:50:01,1234567890,,,,,15,1.90,8.1,,0
2023-07-08 20:51:01,1234567890,,,,,15,1.90,8.1,,0
2023-07-08 20:52:01,1234567890,,,,,15,1.90,8.1,,1
2023-07-08 20:53:01,1234567890,,,,,15,1.90,8.1,,0
2023-07-09 05:43:01,1234567890,,,,,0,0.0,0.0,,0
2023-07-09 05:44:01,1234567890,,,,,0,0.0,0.0,,0
2023-07-09 05:45:02,1234567890,,,,,0,0.0,0.0,,0
2023-07-09 05:46:01,1234567890,,,,,0,0.0,0.0,,0
2023-07-09 05:47:01,1234567890,,,,,0,0.0,8.1,,0
2023-07-09 05:48:01,1234567890,,,,,0,0.0,8.1,,0
2023-07-09 05:49:01,1234567890,,,,,0,0.0,8.1,,0
2023-07-09 05:50:01,1234567890,,,,,0,0.0,8.1,,1
2023-07-09 05:51:01,1234567890,,,,,0,0.0,8.1,,0
2023-07-09 05:52:01,1234567890,,,,,0,0.0,8.1,,0
2023-07-09 05:53:01,1234567890,,,,,0,0.0,8.1,,0
2023-07-09 05:54:02,1234567890,,,,,0,0.0,8.1,,0
2023-07-09 05:55:01,1234567890,,,,,0,0.0,8.1,,0
2023-07-09 05:56:02,1234567890,,,,,0,0.0,8.1,,0
2023-07-09 05:57:01,1234567890,,,,,2,0.0,8.1,,0
2023-07-09 05:58:01,1234567890,,,,,2,0.0,8.1,,1
2023-07-09 05:59:01,1234567890,,,,,2,0.0,8.1,,0
2023-07-09 06:00:01,1234567890,,,,,2,0.0,8.1,,0
2023-07-09 06:01:01,1234567890,,,,,2,0.0,8.1,,0
2023-07-09 06:02:01,1234567890,,,,,2,0.0,8.1,,0
2023-07-09 06:03:01,1234567890,,,,,2,0.0,8.1,,0
2023-07-09 06:04:01,1234567890,,,,,2,0.0,8.1,,0
2023-07-09 06:05:01,1234567890,,,,,2,0.0,8.1,,0
2023-07-09 06:06:01,1234567890,,,,,2,0.0,8.1,,0
2023-07-09 06:07:01,1234567890,,,,,2,0.0,8.1,,1
2023-07-09 06:08:01,1234567890,,,,,2,0.0,8.1,,0
2023-07-09 06:09:01,1234567890,,,,,2,0.0,8.1,,0
2023-07-09 06:10:01,1234567890,,,,,2,0.0,8.1,,0
2023-07-09 06:11:01,1234567890,,,,,2,0.0,8.1,,0
2023-07-09 06:12:01,1234567890,,,,,4,0.0,8.1,,0
2023-07-09 06:13:01,1234567890,,,,,4,0.0,8.1,,0
2023-07-09 06:14:01,1234567890,,,,,4,0.0,8.1,,0
2023-07-09 06:15:02,1234567890,,,,,4,0.0,8.1,,1
2023-07-09 06:16:01,1234567890,,,,,4,0.0,8.1,,0
2023-07-09 06:17:01,1234567890,,,,,4,0.0,8.1,,0
2023-07-09 06:18:01,1234567890,,,,,5,0.0,8.1,,0
2023-07-09 06:19:01,1234567890,,,,,5,0.0,8.1,,0
2023-07-09 06:20:01,1234567890,,,,,5,0.0,8.1,,0
2023-07-09 06:21:01,1234567890,,,,,5,0.0,8.1,,0
2023-07-09 06:22:01,1234567890,,,,,6,0.0,8.1,,0
2023-07-09 06:23:01,1234567890,,,,,6,0.0,8.1,,1
2023-07-09 06:24:01,1234567890,,,,,6,0.0,8.1,,1
2023-07-09 06:25:01,1234567890,,,,,6,0.0,8.1,,0
2023-07-09 06:26:01,1234567890,,,,,6,0.0,8.1,,0
2023-07-09 06:27:01,1234567890,,,,,6,0.0,8.1,,0
2023-07-09 06:28:01,1234567890,,,,,7,0.0,8.1,,0
2023-07-09 06:29:01,1234567890,,,,,7,0.0,8.1,,0
2023-07-09 06:30:01,1234567890,,,,,7,0.0,8.1,,0
2023-07-09 06:31:01,1234567890,,,,,7,0.0,8.1,,0
2023-07-09 06:32:01,1234567890,,,,,7,0.0,8.1,,1
2023-07-09 06:33:01,1234567890,,,,,9,0.0,8.1,,0
2023-07-09 06:34:01,1234567890,,,,,9,0.0,8.1,,0
2023-07-09 06:35:01,1234567890,,,,,9,0.0,8.1,,0
2023-07-09 06:36:01,1234567890,,,,,9,0.0,8.1,,0
2023-07-09 06:37:01,1234567890,,,,,9,0.0,8.1,,0
2023-07-09 06:38:01,1234567890,,,,,9,0.0,8.1,,0
2023-07-09 06:39:01,1234567890,,,,,9,0.0,8.1,,0
2023-07-09 06:40:01,1234567890,,,,,9,0.0,8.1,,1
2023-07-09 06:41:01,1234567890,,,,,9,0.0,8.1,,0
2023-07-09 06:42:01,1234567890,,,,,9,0.0,8.1,,0
2023-07-09 06:43:01,1234567890,,,,,10,0.0,8.1,,0
2023-07-09 06:44:01,1234567890,,,,,10,0.0,8.1,,0
2023-07-09 06:45:01,1234567890,,,,,10,0.0,8.1,,0
2023-07-09 06:46:02,1234567890,,,,,10,0.0,8.1,,0
2023-07-09 06:47:01,1234567890,,,,,11,0.0,8.1,,0
2023-07-09 06:48:01,1234567890,,,,,11,0.0,8.1,,0
2023-07-09 06:49:01,1234567890,,,,,11,0.0,8.1,,1
2023-07-09 06:50:01,1234567890,,,,,11,0.0,8.1,,0
2023-07-09 06:51:01,1234567890,,,,,11,0.0,8.1,,0
2023-07-09 06:52:01,1234567890,,,,,11,0.0,8.1,,0
2023-07-09 06:53:01,1234567890,,,,,12,0.0,8.1,,0
2023-07-09 06:54:01,1234567890,,,,,12,0.0,8.1,,0
2023-07-09 06:55:01,1234567890,,,,,12,0.0,8.1,,0
2023-07-09 06:56:01,1234567890,,,,,12,0.0,8.1,,0
2023-07-09 06:57:01,1234567890,,,,,12,0.0,8.1,,1
2023-07-09 06:58:01,1234567890,,,,,13,0.0,8.1,,0
2023-07-09 06:59:01,1234567890,,,,,13,0.0,8.1,,0
2023-07-09 07:00:01,1234567890,,,,,13,0.0,8.1,,0
2023-07-09 07:01:01,1234567890,,,,,13,0.0,8.1,,0
2023-07-09 07:02:01,1234567890,,,,,13,0.0,8.1,,0
2023-07-09 07:03:01,1234567890,,,,,13,0.0,8.1,,0
2023-07-09 07:04:01,1234567890,,,,,13,0.0,8.1,,0
2023-07-09 07:05:01,1234567890,,,,,13,0.0,8.1,,1
2023-07-09 07:06:02,1234567890,,,,,13,0.0,8.1,,1
2023-07-09 07:07:01,1234567890,,,,,13,0.0,8.1,,0
2023-07-09 07:08:01,1234567890,,,,,14,0.0,8.1,,0
2023-07-09 07:09:01,1234567890,,,,,14,0.0,8.1,,0
2023-07-09 07:10:01,1234567890,,,,,14,0.0,8.1,,0
2023-07-09 07:11:01,1234567890,,,,,14,0.0,8.1,,0
2023-07-09 07:12:01,1234567890,,,,,15,0.0,8.1,,0
2023-07-09 07:13:01,1234567890,,,,,15,0.0,8.1,,0
2023-07-09 07:14:01,1234567890,,,,,15,0.0,8.1,,1
2023-07-09 07:15:01,1234567890,,,,,15,0.0,8.1,,0
2023-07-09 07:16:01,1234567890,,,,,15,0.0,8.1,,0
2023-07-09 07:17:01,1234567890,,,,,15,0.0,8.1,,0
2023-07-09 07:18:01,1234567890,,,,,19,0.0,8.1,,0
2023-07-09 07:19:01,1234567890,,,,,19,0.0,8.1,,0
2023-07-09 07:20:01,1234567890,,,,,19,0.0,8.1,,0
2023-07-09 07:21:01,1234567890,,,,,19,0.0,8.1,,0
2023-07-09 07:22:01,1234567890,,,,,19,0.0,8.1,,1
2023-07-09 07:23:01,1234567890,,,,,24,0.0,8.1,,1
2023-07-09 07:24:02,1234567890,,,,,24,0.0,8.1,,0
2023-07-09 07:25:01,1234567890,,,,,24,0.0,8.1,,0
2023-07-09 07:26:01,1234567890,,,,,24,0.0,8.1,,0
2023-07-09 07:27:01,1234567890,,,,,24,0.0,8.1,,0
2023-07-09 07:28:01,1234567890,,,,,27,0.0,8.1,,0
2023-07-09 07:29:01,1234567890,,,,,27,0.0,8.1,,0
2023-07-09 07:30:01,1234567890,,,,,27,0.0,8.1,,0
2023-07-09 07:31:01,1234567890,,,,,27,0.0,8.1,,1
2023-07-09 07:32:01,1234567890,,,,,27,0.0,8.1,,0
2023-07-09 07:33:01,1234567890,,,,,28,0.0,8.1,,0
2023-07-09 07:34:01,1234567890,,,,,28,0.0,8.1,,0
2023-07-09 07:35:01,1234567890,,,,,28,0.0,8.1,,0
2023-07-09 07:36:01,1234567890,,,,,28,0.0,8.1,,0
2023-07-09 07:37:01,1234567890,,,,,29,0.0,8.1,,0
2023-07-09 07:38:02,1234567890,,,,,29,0.0,8.1,,0
2023-07-09 07:39:01,1234567890,,,,,29,0.0,8.1,,1
2023-07-09 07:40:01,1234567890,,,,,29,0.0,8.1,,0
2023-07-09 07:41:01,1234567890,,,,,29,0.0,8.1,,0
2023-07-09 07:42:01,1234567890,,,,,29,0.0,8.1,,0
2023-07-09 07:43:01,1234567890,,,,,30,0.0,8.1,,0
2023-07-09 07:44:01,1234567890,,,,,30,0.0,8.1,,0
2023-07-09 07:45:01,1234567890,,,,,30,0.0,8.1,,0
2023-07-09 07:46:01,1234567890,,,,,30,0.0,8.1,,0
2023-07-09 07:47:01,1234567890,,,,,31,0.0,8.1,,0
2023-07-09 07:48:01,1234567890,,,,,31,0.0,8.1,,1
2023-07-09 07:49:01,1234567890,,,,,31,0.0,8.1,,0
2023-07-09 07:50:01,1234567890,,,,,31,0.0,8.1,,0
2023-07-09 07:51:01,1234567890,,,,,31,0.0,8.1,,0
2023-07-09 07:52:01,1234567890,,,,,31,0.0,8.1,,0
2023-07-09 07:53:01,1234567890,,,,,32,0.0,8.1,,0
2023-07-09 07:54:01,1234567890,,,,,32,0.0,8.1,,0
2023-07-09 07:55:01,1234567890,,,,,32,0.0,8.1,,0
2023-07-09 07:56:01,1234567890,,,,,32,0.0,8.1,,1
2023-07-09 07:57:01,1234567890,,,,,32,0.0,8.1,,0
2023-07-09 07:58:01,1234567890,,,,,33,0.0,8.1,,0
2023-07-09 07:59:01,1234567890,,,,,33,0.0,8.1,,0
2023-07-09 08:00:01,1234567890,,,,,33,0.0,8.1,,0
2023-07-09 08:01:01,1234567890,,,,,33,0.0,8.1,,0
2023-07-09 08:02:01,1234567890,,,,,33,0.0,8.1,,0
2023-07-09 08:03:01,1234567890,,,,,34,0.0,8.1,,0
2023-07-09 08:04:01,1234567890,,,,,34,0.0,8.1,,1
2023-07-09 08:05:01,1234567890,,,,,34,0.0,8.1,,1
2023-07-09 08:06:01,1234567890,,,,,34,0.0,8.1,,0
2023-07-09 08:07:01,1234567890,,,,,34,0.0,8.1,,0
2023-07-09 08:08:01,1234567890,,,,,36,0.0,8.1,,0
2023-07-09 08:09:01,1234567890,,,,,36,0.0,8.1,,0
2023-07-09 08:10:01,1234567890,,,,,36,0.0,8.1,,0
2023-07-09 08:11:01,1234567890,,,,,36,0.0,8.1,,0
2023-07-09 08:12:01,1234567890,,,,,37,0.0,8.1,,0
2023-07-09 08:13:01,1234567890,,,,,37,0.0,8.1,,1
2023-07-09 08:14:01,1234567890,,,,,37,0.0,8.1,,0
2023-07-09 08:15:02,1234567890,,,,,37,0.0,8.1,,0
2023-07-09 08:16:01,1234567890,,,,,37,0.0,8.1,,0
2023-07-09 08:17:01,1234567890,,,,,37,0.0,8.1,,0
2023-07-09 08:18:02,1234567890,,,,,38,0.0,8.1,,0
2023-07-09 08:19:01,1234567890,,,,,38,0.0,8.1,,0
2023-07-09 08:20:01,1234567890,,,,,38,0.0,8.1,,0
2023-07-09 08:21:01,1234567890,,,,,38,0.0,8.1,,1
2023-07-09 08:22:01,1234567890,,,,,38,0.0,8.1,,1
2023-07-09 08:23:01,1234567890,,,,,39,0.0,8.1,,0
2023-07-09 08:24:01,1234567890,,,,,39,0.0,8.1,,0
2023-07-09 08:25:01,1234567890,,,,,39,0.0,8.1,,0
2023-07-09 08:26:01,1234567890,,,,,39,0.0,8.1,,0
2023-07-09 08:27:01,1234567890,,,,,39,0.0,8.1,,0
2023-07-09 08:28:01,1234567890,,,,,40,0.0,8.1,,0
2023-07-09 08:29:01,1234567890,,,,,40,0.0,8.1,,0
2023-07-09 08:30:01,1234567890,,,,,40,0.0,8.1,,1
2023-07-09 08:31:01,1234567890,,,,,40,0.0,8.1,,0
2023-07-09 08:32:01,1234567890,,,,,40,0.0,8.1,,0
2023-07-09 08:33:01,1234567890,,,,,41,0.0,8.1,,0
2023-07-09 08:34:01,1234567890,,,,,41,0.0,8.1,,0
2023-07-09 08:35:01,1234567890,,,,,41,0.0,8.1,,0
2023-07-09 08:36:01,1234567890,,,,,41,0.0,8.1,,0
2023-07-09 08:37:01,1234567890,,,,,43,0.0,8.1,,0
2023-07-09 08:38:01,1234567890,,,,,43,0.0,8.1,,1
2023-07-09 08:39:01,1234567890,,,,,43,0.0,8.1,,0
2023-07-09 08:40:02,1234567890,,,,,43,0.0,8.1,,0
2023-07-09 08:41:01,1234567890,,,,,43,0.0,8.1,,0
2023-07-09 08:42:01,1234567890,,,,,43,0.0,8.1,,0
2023-07-09 08:44:01,1234567890,,,,,45,0.0,8.1,,0
2023-07-09 08:45:01,1234567890,,,,,45,0.0,8.1,,1
2023-07-09 08:46:01,1234567890,,,,,45,0.0,8.1,,0
2023-07-09 08:47:02,1234567890,,,,,45,0.0,8.1,,0
2023-07-09 08:48:01,1234567890,,,,,47,0.0,8.1,,0
2023-07-09 08:49:01,1234567890,,,,,47,0.0,8.1,,0
2023-07-09 08:50:01,1234567890,,,,,47,0.0,8.1,,0
2023-07-09 08:51:01,1234567890,,,,,47,0.0,8.1,,0
2023-07-09 08:52:01,1234567890,,,,,49,0.0,8.1,,0
2023-07-09 08:53:01,1234567890,,,,,49,0.0,8.1,,1
2023-07-09 08:55:01,1234567890,,,,,49,0.0,8.1,,0
2023-07-09 08:56:01,1234567890,,,,,49,0.0,8.1,,0
2023-07-09 08:57:01,1234567890,,,,,49,0.0,8.1,,0
2023-07-09 08:58:01,1234567890,,,,,51,0.0,8.1,,0
2023-07-09 08:59:01,1234567890,,,,,51,0.0,8.1,,0
2023-07-09 09:00:01,1234567890,,,,,51,0.0,8.1,,0
2023-07-09 09:01:01,1234567890,,,,,51,0.0,8.1,,0
2023-07-09 09:02:01,1234567890,,,,,51,0.0,8.1,,1
2023-07-09 09:03:01,1234567890,,,,,58,0.0,8.1,,0
2023-07-09 09:04:01,1234567890,,,,,58,0.0,8.1,,0
2023-07-09 09:05:01,1234567890,,,,,58,0.0,8.1,,0
2023-07-09 09:06:01,1234567890,,,,,58,0.0,8.1,,0
2023-07-09 09:07:01,1234567890,,,,,58,0.0,8.1,,0
2023-07-09 09:08:01,1234567890,,,,,72,0.0,8.1,,0
2023-07-09 09:09:01,1234567890,,,,,72,0.0,8.1,,0
2023-07-09 09:10:01,1234567890,,,,,72,0.0,8.1,,1
2023-07-09 09:11:01,1234567890,,,,,72,0.0,8.1,,0
2023-07-09 09:12:01,1234567890,,,,,72,0.0,8.1,,0
2023-07-09 09:13:01,1234567890,,,,,95,0.0,8.1,,0
2023-07-09 09:14:01,1234567890,,,,,95,0.0,8.1,,0
2023-07-09 09:15:01,1234567890,,,,,95,0.0,8.1,,0
2023-07-09 09:16:01,1234567890,,,,,95,0.0,8.1,,0
2023-07-09 09:17:01,1234567890,,,,,95,0.0,8.1,,0
2023-07-09 09:18:01,1234567890,,,,,119,0.0,8.2,,0
2023-07-09 09:19:01,1234567890,,,,,119,0.0,8.2,,1
2023-07-09 09:20:01,1234567890,,,,,119,0.0,8.2,,0
2023-07-09 09:21:01,1234567890,,,,,119,0.0,8.2,,0
2023-07-09 09:22:01,1234567890,,,,,119,0.0,8.2,,0
2023-07-09 09:23:01,1234567890,,,,,135,0.0,8.2,,0
2023-07-09 09:24:01,1234567890,,,,,135,0.0,8.2,,0
2023-07-09 09:25:01,1234567890,,,,,135,0.0,8.2,,0
2023-07-09 09:26:01,1234567890,,,,,135,0.0,8.2,,0
2023-07-09 09:27:01,1234567890,,,,,135,0.0,8.2,,1
2023-07-09 09:28:01,1234567890,,,,,144,0.10,8.2,,0
2023-07-09 09:29:01,1234567890,,,,,144,0.10,8.2,,0
2023-07-09 09:30:01,1234567890,,,,,144,0.10,8.2,,0
2023-07-09 09:31:01,1234567890,,,,,144,0.10,8.2,,0
2023-07-09 09:32:02,1234567890,,,,,144,0.10,8.2,,0
2023-07-09 09:33:01,1234567890,,,,,143,0.10,8.2,,0
2023-07-09 09:34:01,1234567890,,,,,143,0.10,8.2,,0
2023-07-09 09:35:01,1234567890,,,,,143,0.10,8.2,,0
2023-07-09 09:36:01,1234567890,,,,,143,0.10,8.2,,1
2023-07-09 09:37:01,1234567890,,,,,143,0.10,8.2,,0
2023-07-09 09:38:01,1234567890,,,,,146,0.10,8.2,,0
2023-07-09 09:39:01,1234567890,,,,,146,0.10,8.2,,0
2023-07-09 09:40:01,1234567890,,,,,146,0.10,8.2,,0
2023-07-09 09:41:01,1234567890,,,,,146,0.10,8.2,,0
2023-07-09 09:42:01,1234567890,,,,,146,0.10,8.2,,0
2023-07-09 09:43:02,1234567890,,,,,151,0.10,8.2,,0
2023-07-09 09:44:01,1234567890,,,,,151,0.10,8.2,,1
2023-07-09 09:45:01,1234567890,,,,,151,0.10,8.2,,0
2023-07-09 09:46:01,1234567890,,,,,151,0.10,8.2,,0
2023-07-09 09:47:01,1234567890,,,,,151,0.10,8.2,,0
2023-07-09 09:48:01,1234567890,,,,,157,0.10,8.2,,0
2023-07-09 09:49:01,1234567890,,,,,157,0.10,8.2,,0
2023-07-09 09:50:01,1234567890,,,,,157,0.10,8.2,,0
2023-07-09 09:51:01,1234567890,,,,,157,0.10,8.2,,0
2023-07-09 09:52:01,1234567890,,,,,157,0.10,8.2,,0
2023-07-09 09:53:01,1234567890,,,,,157,0.10,8.2,,1
2023-07-09 09:54:01,1234567890,,,,,168,0.10,8.2,,0
2023-07-09 09:55:01,1234567890,,,,,168,0.10,8.2,,0
2023-07-09 09:56:01,1234567890,,,,,168,0.10,8.2,,0
2023-07-09 09:57:01,1234567890,,,,,168,0.10,8.2,,0
2023-07-09 09:58:01,1234567890,,,,,174,0.10,8.3,,0
2023-07-09 09:59:01,1234567890,,,,,174,0.10,8.3,,0
2023-07-09 10:00:01,1234567890,,,,,174,0.10,8.3,,0
2023-07-09 10:01:01,1234567890,,,,,174,0.10,8.3,,1
2023-07-09 10:02:01,1234567890,,,,,174,0.10,8.3,,0
2023-07-09 10:03:01,1234567890,,,,,179,0.10,8.3,,0
2023-07-09 10:04:01,1234567890,,,,,179,0.10,8.3,,0
2023-07-09 10:05:01,1234567890,,,,,179,0.10,8.3,,0
2023-07-09 10:06:01,1234567890,,,,,179,0.10,8.3,,0
2023-07-09 10:07:01,1234567890,,,,,179,0.10,8.3,,0
2023-07-09 10:08:01,1234567890,,,,,183,0.20,8.3,,0
2023-07-09 10:09:01,1234567890,,,,,183,0.20,8.3,,0
2023-07-09 10:10:01,1234567890,,,,,183,0.20,8.3,,1
2023-07-09 10:11:01,1234567890,,,,,183,0.20,8.3,,0
2023-07-09 10:12:01,1234567890,,,,,183,0.20,8.3,,0
2023-07-09 10:13:01,1234567890,,,,,185,0.20,8.3,,0
2023-07-09 10:14:01,1234567890,,,,,185,0.20,8.3,,0
2023-07-09 10:15:01,1234567890,,,,,185,0.20,8.3,,0
2023-07-09 10:16:01,1234567890,,,,,185,0.20,8.3,,0
2023-07-09 10:17:01,1234567890,,,,,185,0.20,8.3,,0
2023-07-09 10:18:01,1234567890,,,,,185,0.20,8.3,,1
2023-07-09 10:19:01,1234567890,,,,,194,0.20,8.3,,0
2023-07-09 10:20:02,1234567890,,,,,194,0.20,8.3,,0
2023-07-09 10:21:01,1234567890,,,,,194,0.20,8.3,,0
2023-07-09 10:22:01,1234567890,,,,,194,0.20,8.3,,0
2023-07-09 10:23:01,1234567890,,,,,209,0.20,8.3,,0
2023-07-09 10:24:01,1234567890,,,,,209,0.20,8.3,,0
2023-07-09 10:25:01,1234567890,,,,,209,0.20,8.3,,0
2023-07-09 10:26:01,1234567890,,,,,209,0.20,8.3,,0
2023-07-09 10:27:01,1234567890,,,,,209,0.20,8.3,,1
2023-07-09 10:28:01,1234567890,,,,,224,0.20,8.3,,0
2023-07-09 10:29:01,1234567890,,,,,224,0.20,8.3,,0
2023-07-09 10:30:01,1234567890,,,,,224,0.20,8.3,,0
2023-07-09 10:31:02,1234567890,,,,,224,0.20,8.3,,0
2023-07-09 10:32:01,1234567890,,,,,224,0.20,8.3,,0
2023-07-09 10:33:01,1234567890,,,,,241,0.20,8.4,,0
2023-07-09 10:34:02,1234567890,,,,,241,0.20,8.4,,0
2023-07-09 10:35:01,1234567890,,,,,241,0.20,8.4,,1
2023-07-09 10:36:01,1234567890,,,,,241,0.20,8.4,,0
2023-07-09 10:37:01,1234567890,,,,,241,0.20,8.4,,0
2023-07-09 10:38:01,1234567890,,,,,253,0.30,8.4,,0
2023-07-09 10:39:01,1234567890,,,,,253,0.30,8.4,,0
2023-07-09 10:40:01,1234567890,,,,,253,0.30,8.4,,0
2023-07-09 10:41:01,1234567890,,,,,253,0.30,8.4,,0
2023-07-09 10:42:01,1234567890,,,,,253,0.30,8.4,,0
2023-07-09 10:43:01,1234567890,,,,,250,0.30,8.4,,0
2023-07-09 10:44:01,1234567890,,,,,250,0.30,8.4,,1
2023-07-09 10:45:01,1234567890,,,,,250,0.30,8.4,,0
2023-07-09 10:46:01,1234567890,,,,,250,0.30,8.4,,0
2023-07-09 10:47:01,1234567890,,,,,250,0.30,8.4,,0
2023-07-09 10:48:01,1234567890,,,,,231,0.30,8.4,,0
2023-07-09 10:49:02,1234567890,,,,,231,0.30,8.4,,0
2023-07-09 10:50:01,1234567890,,,,,231,0.30,8.4,,0
2023-07-09 10:51:01,1234567890,,,,,231,0.30,8.4,,0
2023-07-09 10:52:01,1234567890,,,,,231,0.30,8.4,,1
2023-07-09 10:53:01,1234567890,,,,,231,0.30,8.4,,0
2023-07-09 10:54:01,1234567890,,,,,216,0.30,8.4,,0
2023-07-09 10:55:01,1234567890,,,,,216,0.30,8.4,,0
2023-07-09 10:56:01,1234567890,,,,,216,0.30,8.4,,0
2023-07-09 10:57:01,1234567890,,,,,216,0.30,8.4,,0
2023-07-09 10:58:01,1234567890,,,,,199,0.30,8.5,,0
2023-07-09 10:59:01,1234567890,,,,,199,0.30,8.5,,0
2023-07-09 11:00:01,1234567890,,,,,199,0.30,8.5,,0
2023-07-09 11:01:01,1234567890,,,,,199,0.30,8.5,,1
2023-07-09 11:02:01,1234567890,,,,,199,0.30,8.5,,0
2023-07-09 11:03:01,1234567890,,,,,174,0.40,8.5,,0
2023-07-09 11:04:01,1234567890,,,,,174,0.40,8.5,,0
2023-07-09 11:05:01,1234567890,,,,,174,0.40,8.5,,0
2023-07-09 11:06:01,1234567890,,,,,174,0.40,8.5,,0
2023-07-09 11:07:01,1234567890,,,,,174,0.40,8.5,,0
2023-07-09 11:08:01,1234567890,,,,,172,0.40,8.5,,0
2023-07-09 11:09:01,1234567890,,,,,172,0.40,8.5,,1
2023-07-09 11:10:01,1234567890,,,,,172,0.40,8.5,,0
2023-07-09 11:11:01,1234567890,,,,,172,0.40,8.5,,0
2023-07-09 11:12:01,1234567890,,,,,172,0.40,8.5,,0
2023-07-09 11:13:01,1234567890,,,,,174,0.40,8.5,,0
2023-07-09 11:14:01,1234567890,,,,,174,0.40,8.5,,0
2023-07-09 11:15:01,1234567890,,,,,174,0.40,8.5,,0
2023-07-09 11:16:02,1234567890,,,,,174,0.40,8.5,,0
2023-07-09 11:17:01,1234567890,,,,,174,0.40,8.5,,0
2023-07-09 11:18:01,1234567890,,,,,174,0.40,8.5,,1
2023-07-09 11:19:01,1234567890,,,,,157,0.40,8.5,,0
2023-07-09 11:20:01,1234567890,,,,,157,0.40,8.5,,0
2023-07-09 11:21:01,1234567890,,,,,157,0.40,8.5,,0
2023-07-09 11:22:01,1234567890,,,,,157,0.40,8.5,,0
2023-07-09 11:23:01,1234567890,,,,,149,0.40,8.5,,0
2023-07-09 11:24:01,1234567890,,,,,149,0.40,8.5,,0
2023-07-09 11:25:01,1234567890,,,,,149,0.40,8.5,,0
2023-07-09 11:26:01,1234567890,,,,,149,0.40,8.5,,1
2023-07-09 11:27:02,1234567890,,,,,149,0.40,8.5,,0
2023-07-09 11:28:01,1234567890,,,,,149,0.40,8.5,,0
2023-07-09 11:29:01,1234567890,,,,,163,0.40,8.5,,0
2023-07-09 11:30:01,1234567890,,,,,163,0.40,8.5,,0
2023-07-09 11:31:01,1234567890,,,,,163,0.40,8.5,,0
2023-07-09 11:32:02,1234567890,,,,,163,0.40,8.5,,0
2023-07-09 11:33:01,1234567890,,,,,185,0.40,8.6,,0
2023-07-09 11:34:01,1234567890,,,,,185,0.40,8.6,,1
2023-07-09 11:35:01,1234567890,,,,,185,0.40,8.6,,1
2023-07-09 11:36:01,1234567890,,,,,185,0.40,8.6,,0
2023-07-09 11:37:01,1234567890,,,,,185,0.40,8.6,,0
2023-07-09 11:38:01,1234567890,,,,,184,0.50,8.6,,0
2023-07-09 11:39:01,1234567890,,,,,184,0.50,8.6,,0
2023-07-09 11:40:01,1234567890,,,,,184,0.50,8.6,,0
2023-07-09 11:41:02,1234567890,,,,,184,0.50,8.6,,0
2023-07-09 11:42:01,1234567890,,,,,184,0.50,8.6,,0
2023-07-09 11:44:01,1234567890,,,,,179,0.50,8.6,,0
2023-07-09 11:45:01,1234567890,,,,,179,0.50,8.6,,0
2023-07-09 11:46:01,1234567890,,,,,179,0.50,8.6,,0
2023-07-09 11:47:01,1234567890,,,,,179,0.50,8.6,,0
2023-07-09 11:48:01,1234567890,,,,,171,0.50,8.6,,0
2023-07-09 11:49:01,1234567890,,,,,171,0.50,8.6,,1
2023-07-09 11:50:01,1234567890,,,,,171,0.50,8.6,,0
2023-07-09 11:51:02,1234567890,,,,,171,0.50,8.6,,0
2023-07-09 11:52:01,1234567890,,,,,171,0.50,8.6,,0
2023-07-09 11:53:01,1234567890,,,,,162,0.50,8.6,,0
2023-07-09 11:54:01,1234567890,,,,,162,0.50,8.6,,0
2023-07-09 11:55:01,1234567890,,,,,162,0.50,8.6,,0
2023-07-09 11:56:01,1234567890,,,,,162,0.50,8.6,,0
2023-07-09 11:57:01,1234567890,,,,,162,0.50,8.6,,1
2023-07-09 11:58:01,1234567890,,,,,162,0.50,8.6,,0
2023-07-09 11:59:01,1234567890,,,,,159,0.50,8.6,,0
2023-07-09 12:00:01,1234567890,,,,,159,0.50,8.6,,0
2023-07-09 12:01:01,1234567890,,,,,159,0.50,8.6,,0
2023-07-09 12:02:01,1234567890,,,,,159,0.50,8.6,,0
2023-07-09 12:03:01,1234567890,,,,,160,0.50,8.6,,0
2023-07-09 12:04:01,1234567890,,,,,160,0.50,8.6,,0
2023-07-09 12:05:01,1234567890,,,,,160,0.50,8.6,,0
2023-07-09 12:06:01,1234567890,,,,,160,0.50,8.6,,1
2023-07-09 12:07:01,1234567890,,,,,160,0.50,8.6,,0
2023-07-09 12:08:01,1234567890,,,,,160,0.50,8.6,,0
2023-07-09 12:09:01,1234567890,,,,,183,0.50,8.7,,0
2023-07-09 12:10:01,1234567890,,,,,183,0.50,8.7,,0
2023-07-09 12:11:01,1234567890,,,,,183,0.50,8.7,,0
2023-07-09 12:12:01,1234567890,,,,,183,0.50,8.7,,0
2023-07-09 12:13:01,1234567890,,,,,203,0.60,8.7,,0
2023-07-09 12:14:01,1234567890,,,,,203,0.60,8.7,,1
2023-07-09 12:15:01,1234567890,,,,,203,0.60,8.7,,0
2023-07-09 12:16:02,1234567890,,,,,203,0.60,8.7,,0
2023-07-09 12:17:01,1234567890,,,,,203,0.60,8.7,,0
2023-07-09 12:18:01,1234567890,,,,,202,0.60,8.7,,0
2023-07-09 12:19:01,1234567890,,,,,202,0.60,8.7,,0
2023-07-09 12:20:01,1234567890,,,,,202,0.60,8.7,,0
2023-07-09 12:21:02,1234567890,,,,,202,0.60,8.7,,0
2023-07-09 12:22:01,1234567890,,,,,202,0.60,8.7,,0
2023-07-09 12:23:01,1234567890,,,,,202,0.60,8.7,,1
2023-07-09 12:24:01,1234567890,,,,,201,0.60,8.7,,0
2023-07-09 12:25:01,1234567890,,,,,201,0.60,8.7,,0
2023-07-09 12:26:02,1234567890,,,,,201,0.60,8.7,,0
2023-07-09 12:27:01,1234567890,,,,,201,0.60,8.7,,0
2023-07-09 12:28:01,1234567890,,,,,207,0.60,8.7,,0
2023-07-09 12:29:01,1234567890,,,,,207,0.60,8.7,,0
2023-07-09 12:30:01,1234567890,,,,,207,0.60,8.7,,0
2023-07-09 12:31:01,1234567890,,,,,207,0.60,8.7,,1
2023-07-09 12:32:01,1234567890,,,,,207,0.60,8.7,,0
2023-07-09 12:33:01,1234567890,,,,,207,0.60,8.7,,0
2023-07-09 12:34:01,1234567890,,,,,205,0.60,8.7,,0
2023-07-09 12:35:01,1234567890,,,,,205,0.60,8.7,,0
2023-07-09 12:36:02,1234567890,,,,,205,0.60,8.7,,0
2023-07-09 12:37:01,1234567890,,,,,205,0.60,8.7,,0
2023-07-09 12:38:01,1234567890,,,,,182,0.60,8.8,,0
2023-07-09 12:39:01,1234567890,,,,,182,0.60,8.8,,0
2023-07-09 12:40:01,1234567890,,,,,182,0.60,8.8,,1
2023-07-09 12:41:01,1234567890,,,,,182,0.60,8.8,,0
2023-07-09 12:42:01,1234567890,,,,,182,0.60,8.8,,0
2023-07-09 12:43:01,1234567890,,,,,182,0.60,8.8,,0
2023-07-09 12:44:01,1234567890,,,,,200,0.60,8.8,,0
2023-07-09 12:45:01,1234567890,,,,,200,0.60,8.8,,0
2023-07-09 12:46:01,1234567890,,,,,200,0.60,8.8,,0
2023-07-09 12:47:01,1234567890,,,,,200,0.60,8.8,,0
2023-07-09 12:48:01,1234567890,,,,,200,0.60,8.8,,1
2023-07-09 12:49:01,1234567890,,,,,250,0.70,8.8,,0
2023-07-09 12:50:01,1234567890,,,,,250,0.70,8.8,,0
2023-07-09 12:51:01,1234567890,,,,,250,0.70,8.8,,0
2023-07-09 12:52:01,1234567890,,,,,250,0.70,8.8,,0
2023-07-09 12:53:01,1234567890,,,,,256,0.70,8.8,,0
2023-07-09 12:54:01,1234567890,,,,,256,0.70,8.8,,0
2023-07-09 12:55:01,1234567890,,,,,256,0.70,8.8,,0
2023-07-09 12:56:03,1234567890,,,,,256,0.70,8.8,,0
2023-07-09 12:57:01,1234567890,,,,,256,0.70,8.8,,1
2023-07-09 12:58:01,1234567890,,,,,256,0.70,8.8,,0
2023-07-09 12:59:02,1234567890,,,,,253,0.70,8.8,,0
2023-07-09 13:00:01,1234567890,,,,,253,0.70,8.8,,0
2023-07-09 13:01:02,1234567890,,,,,253,0.70,8.8,,0
2023-07-09 13:02:01,1234567890,,,,,253,0.70,8.8,,0
2023-07-09 13:03:01,1234567890,,,,,268,0.70,8.9,,0
2023-07-09 13:04:01,1234567890,,,,,268,0.70,8.9,,0
2023-07-09 13:05:01,1234567890,,,,,268,0.70,8.9,,1
2023-07-09 13:06:02,1234567890,,,,,268,0.70,8.9,,0
2023-07-09 13:07:01,1234567890,,,,,268,0.70,8.9,,0
2023-07-09 13:08:01,1234567890,,,,,268,0.70,8.9,,0
2023-07-09 13:09:01,1234567890,,,,,281,0.80,8.9,,0
2023-07-09 13:10:01,1234567890,,,,,281,0.80,8.9,,0
2023-07-09 13:11:02,1234567890,,,,,281,0.80,8.9,,0
2023-07-09 13:12:01,1234567890,,,,,281,0.80,8.9,,0
2023-07-09 13:13:01,1234567890,,,,,282,0.80,8.9,,0
2023-07-09 13:14:01,1234567890,,,,,282,0.80,8.9,,1
2023-07-09 13:15:01,1234567890,,,,,282,0.80,8.9,,0
2023-07-09 13:16:02,1234567890,,,,,282,0.80,8.9,,0
2023-07-09 13:17:01,1234567890,,,,,282,0.80,8.9,,0
2023-07-09 13:18:01,1234567890,,,,,282,0.80,8.9,,0
2023-07-09 13:19:01,1234567890,,,,,291,0.80,8.9,,0
2023-07-09 13:20:02,1234567890,,,,,291,0.80,8.9,,0
2023-07-09 13:21:02,1234567890,,,,,291,0.80,8.9,,0
2023-07-09 13:22:02,1234567890,,,,,291,0.80,8.9,,1
2023-07-09 13:23:01,1234567890,,,,,291,0.80,8.9,,0
2023-07-09 13:24:01,1234567890,,,,,301,0.80,8.9,,0
2023-07-09 13:25:01,1234567890,,,,,301,0.80,8.9,,0
2023-07-09 13:26:02,1234567890,,,,,301,0.80,8.9,,0
2023-07-09 13:27:02,1234567890,,,,,301,0.80,8.9,,0
2023-07-09 13:28:01,1234567890,,,,,306,0.90,9.0,,0
2023-07-09 13:29:01,1234567890,,,,,306,0.90,9.0,,0
2023-07-09 13:30:01,1234567890,,,,,306,0.90,9.0,,0
2023-07-09 13:31:01,1234567890,,,,,306,0.90,9.0,,1
2023-07-09 13:32:02,1234567890,,,,,306,0.90,9.0,,0
2023-07-09 13:33:01,1234567890,,,,,306,0.90,9.0,,0
2023-07-09 13:34:01,1234567890,,,,,303,0.90,9.0,,0
2023-07-09 13:35:01,1234567890,,,,,303,0.90,9.0,,0
2023-07-09 13:36:01,1234567890,,,,,303,0.90,9.0,,0
2023-07-09 13:37:01,1234567890,,,,,303,0.90,9.0,,0
2023-07-09 13:38:01,1234567890,,,,,290,0.90,9.0,,0
2023-07-09 13:39:01,1234567890,,,,,290,0.90,9.0,,1
2023-07-09 13:40:01,1234567890,,,,,290,0.90,9.0,,0
2023-07-09 13:41:01,1234567890,,,,,290,0.90,9.0,,0
2023-07-09 13:42:01,1234567890,,,,,290,0.90,9.0,,0
2023-07-09 13:43:01,1234567890,,,,,290,0.90,9.0,,0
2023-07-09 13:44:01,1234567890,,,,,258,0.90,9.0,,0
2023-07-09 13:45:01,1234567890,,,,,258,0.90,9.0,,0
2023-07-09 13:46:02,1234567890,,,,,258,0.90,9.0,,0
2023-07-09 13:47:01,,,,,,,,,,
2023-07-09 13:48:01,1234567890,,,,,258,0.90,9.0,,0
2023-07-09 13:49:01,1234567890,,,,,268,0.90,9.1,,0
2023-07-09 13:50:01,1234567890,,,,,268,0.90,9.1,,0
2023-07-09 13:51:01,,,,,,,,,,
2023-07-09 13:52:01,1234567890,,,,,268,0.90,9.1,,0
2023-07-09 13:53:01,1234567890,,,,,268,0.90,9.1,,0
2023-07-09 13:54:01,1234567890,,,,,304,1.0,9.1,,0
2023-07-09 13:55:01,1234567890,,,,,304,1.0,9.1,,0
2023-07-09 13:56:01,1234567890,,,,,304,1.0,9.1,,1
2023-07-09 13:57:01,1234567890,,,,,304,1.0,9.1,,0
2023-07-09 13:58:01,1234567890,,,,,304,1.0,9.1,,0
2023-07-09 13:59:01,1234567890,,,,,297,1.0,9.1,,0
2023-07-09 14:00:01,1234567890,,,,,297,1.0,9.1,,0
2023-07-09 14:01:02,1234567890,,,,,297,1.0,9.1,,0
2023-07-09 14:02:01,1234567890,,,,,297,1.0,9.1,,0
2023-07-09 14:03:01,1234567890,,,,,278,1.0,9.1,,0
2023-07-09 14:04:01,1234567890,,,,,278,1.0,9.1,,1
2023-07-09 14:05:01,1234567890,,,,,278,1.0,9.1,,0
2023-07-09 14:06:01,1234567890,,,,,278,1.0,9.1,,0
2023-07-09 14:07:01,1234567890,,,,,278,1.0,9.1,,0
2023-07-09 14:08:01,1234567890,,,,,278,1.0,9.1,,0
2023-07-09 14:09:02,1234567890,,,,,282,1.0,9.2,,0
2023-07-09 14:10:01,1234567890,,,,,282,1.0,9.2,,0
2023-07-09 14:11:01,1234567890,,,,,282,1.0,9.2,,0
2023-07-09 14:12:01,1234567890,,,,,282,1.0,9.2,,0
2023-07-09 14:13:01,1234567890,,,,,282,1.0,9.2,,1
2023-07-09 14:14:01,1234567890,,,,,283,1.10,9.2,,0
2023-07-09 14:15:01,1234567890,,,,,283,1.10,9.2,,0
2023-07-09 14:16:01,1234567890,,,,,283,1.10,9.2,,0
2023-07-09 14:17:01,1234567890,,,,,283,1.10,9.2,,0
2023-07-09 14:18:01,1234567890,,,,,283,1.10,9.2,,0
2023-07-09 14:19:01,1234567890,,,,,239,1.10,9.2,,0
2023-07-09 14:20:01,1234567890,,,,,239,1.10,9.2,,0
2023-07-09 14:21:01,1234567890,,,,,239,1.10,9.2,,0
2023-07-09 14:22:01,1234567890,,,,,239,1.10,9.2,,0
2023-07-09 14:23:01,1234567890,,,,,239,1.10,9.2,,0
2023-07-09 14:24:01,1234567890,,,,,229,1.10,9.2,,0
2023-07-09 14:25:01,1234567890,,,,,229,1.10,9.2,,0
2023-07-09 14:26:01,1234567890,,,,,229,1.10,9.2,,0
2023-07-09 14:27:01,1234567890,,,,,229,1.10,9.2,,0
2023-07-09 14:28:01,1234567890,,,,,213,1.10,9.2,,0
2023-07-09 14:29:01,1234567890,,,,,213,1.10,9.2,,0
2023-07-09 14:30:01,1234567890,,,,,213,1.10,9.2,,1
2023-07-09 14:31:02,1234567890,,,,,213,1.10,9.2,,0
2023-07-09 14:32:01,1234567890,,,,,213,1.10,9.2,,0
2023-07-09 14:33:01,1234567890,,,,,213,1.10,9.2,,0
2023-07-09 14:34:01,1234567890,,,,,212,1.10,9.3,,0
2023-07-09 14:35:01,1234567890,,,,,212,1.10,9.3,,0
2023-07-09 14:36:01,1234567890,,,,,212,1.10,9.3,,0
2023-07-09 14:37:01,1234567890,,,,,212,1.10,9.3,,0
2023-07-09 14:38:01,1234567890,,,,,212,1.10,9.3,,1
2023-07-09 14:39:01,1234567890,,,,,222,1.20,9.3,,0
2023-07-09 14:40:01,1234567890,,,,,222,1.20,9.3,,0
2023-07-09 14:41:01,1234567890,,,,,222,1.20,9.3,,0
2023-07-09 14:42:01,1234567890,,,,,222,1.20,9.3,,0
2023-07-09 14:43:01,1234567890,,,,,222,1.20,9.3,,0
2023-07-09 14:44:01,,,,,,,,,,
2023-07-09 14:45:01,1234567890,,,,,247,1.20,9.3,,0
2023-07-09 14:46:01,1234567890,,,,,247,1.20,9.3,,0
2023-07-09 14:47:01,1234567890,,,,,247,1.20,9.3,,0
2023-07-09 14:48:01,1234567890,,,,,247,1.20,9.3,,0
2023-07-09 14:49:01,1234567890,,,,,313,1.20,9.3,,0
2023-07-09 14:50:01,1234567890,,,,,313,1.20,9.3,,0
2023-07-09 14:51:01,,,,,,,,,,
2023-07-09 14:52:01,1234567890,,,,,313,1.20,9.3,,1
2023-07-09 14:53:01,1234567890,,,,,313,1.20,9.3,,0
2023-07-09 14:54:01,1234567890,,,,,274,1.20,9.3,,0
2023-07-09 14:55:01,1234567890,,,,,274,1.20,9.3,,0
2023-07-09 14:56:01,1234567890,,,,,274,1.20,9.3,,0
2023-07-09 14:57:01,1234567890,,,,,274,1.20,9.3,,0
2023-07-09 14:58:01,1234567890,,,,,274,1.20,9.3,,0
2023-07-09 14:59:01,1234567890,,,,,178,1.20,9.4,,0
2023-07-09 15:00:01,1234567890,,,,,178,1.20,9.4,,0
2023-07-09 15:01:01,1234567890,,,,,178,1.20,9.4,,1
2023-07-09 15:02:01,1234567890,,,,,178,1.20,9.4,,0
2023-07-09 15:03:01,1234567890,,,,,178,1.20,9.4,,0
2023-07-09 15:04:01,1234567890,,,,,165,1.20,9.4,,0
2023-07-09 15:05:01,1234567890,,,,,165,1.20,9.4,,0
2023-07-09 15:06:01,1234567890,,,,,165,1.20,9.4,,0
2023-07-09 15:07:01,1234567890,,,,,165,1.20,9.4,,0
2023-07-09 15:08:01,1234567890,,,,,165,1.20,9.4,,0
2023-07-09 15:09:01,1234567890,,,,,165,1.20,9.4,,1
2023-07-09 15:10:01,1234567890,,,,,165,1.30,9.4,,0
2023-07-09 15:11:02,1234567890,,,,,165,1.30,9.4,,0
2023-07-09 15:12:01,1234567890,,,,,165,1.30,9.4,,0
2023-07-09 15:13:01,1234567890,,,,,165,1.30,9.4,,0
2023-07-09 15:14:01,1234567890,,,,,142,1.30,9.4,,0
2023-07-09 15:15:01,1234567890,,,,,142,1.30,9.4,,0
2023-07-09 15:16:01,1234567890,,,,,142,1.30,9.4,,0
2023-07-09 15:17:02,1234567890,,,,,142,1.30,9.4,,0
2023-07-09 15:18:01,1234567890,,,,,142,1.30,9.4,,1
2023-07-09 15:19:01,1234567890,,,,,150,1.30,9.4,,0
2023-07-09 15:20:01,1234567890,,,,,150,1.30,9.4,,0
2023-07-09 15:21:01,1234567890,,,,,150,1.30,9.4,,0
2023-07-09 15:22:01,1234567890,,,,,150,1.30,9.4,,0
2023-07-09 15:23:01,1234567890,,,,,150,1.30,9.4,,0
2023-07-09 15:24:01,1234567890,,,,,144,1.30,9.4,,0
2023-07-09 15:25:01,1234567890,,,,,144,1.30,9.4,,0
2023-07-09 15:26:01,1234567890,,,,,144,1.30,9.4,,1
2023-07-09 15:27:01,1234567890,,,,,144,1.30,9.4,,0
2023-07-09 15:28:01,1234567890,,,,,144,1.30,9.4,,0
2023-07-09 15:29:01,1234567890,,,,,125,1.30,9.4,,0
2023-07-09 15:30:01,1234567890,,,,,125,1.30,9.4,,0
2023-07-09 15:31:01,1234567890,,,,,125,1.30,9.4,,0
2023-07-09 15:32:01,1234567890,,,,,125,1.30,9.4,,0
2023-07-09 15:33:01,1234567890,,,,,125,1.30,9.4,,0
2023-07-09 15:34:01,1234567890,,,,,98,1.30,9.4,,0
2023-07-09 15:35:01,1234567890,,,,,98,1.30,9.4,,1
2023-07-09 15:36:02,1234567890,,,,,98,1.30,9.4,,0
2023-07-09 15:37:01,1234567890,,,,,98,1.30,9.4,,0
2023-07-09 15:38:01,1234567890,,,,,98,1.30,9.4,,0
2023-07-09 15:39:01,1234567890,,,,,75,1.30,9.4,,0
2023-07-09 15:40:02,1234567890,,,,,75,1.30,9.4,,0
2023-07-09 15:41:01,1234567890,,,,,75,1.30,9.4,,0
2023-07-09 15:42:01,1234567890,,,,,75,1.30,9.4,,0
2023-07-09 15:43:01,1234567890,,,,,75,1.30,9.4,,1
2023-07-09 15:44:01,1234567890,,,,,66,1.30,9.4,,0
2023-07-09 15:45:01,1234567890,,,,,66,1.30,9.4,,0
2023-07-09 15:46:00,1234567890,,,,,66,1.30,9.4,,0
2023-07-09 15:47:01,1234567890,,,,,66,1.30,9.4,,0
2023-07-09 15:48:01,1234567890,,,,,66,1.30,9.4,,0
2023-07-09 15:49:01,1234567890,,,,,68,1.30,9.4,,0
2023-07-09 15:50:01,1234567890,,,,,68,1.30,9.4,,0
2023-07-09 15:51:01,1234567890,,,,,68,1.30,9.4,,0
2023-07-09 15:52:01,1234567890,,,,,68,1.30,9.4,,1
2023-07-09 15:53:01,1234567890,,,,,68,1.30,9.4,,0
2023-07-09 15:54:01,1234567890,,,,,79,1.30,9.5,,0
2023-07-09 15:55:01,1234567890,,,,,79,1.30,9.5,,0
2023-07-09 15:56:02,1234567890,,,,,79,1.30,9.5,,0
2023-07-09 15:57:01,1234567890,,,,,79,1.30,9.5,,0
2023-07-09 15:58:01,1234567890,,,,,79,1.30,9.5,,0
2023-07-09 15:59:01,1234567890,,,,,83,1.30,9.5,,0
2023-07-09 16:00:01,1234567890,,,,,83,1.30,9.5,,1
2023-07-09 16:01:01,1234567890,,,,,83,1.30,9.5,,0
2023-07-09 16:02:01,1234567890,,,,,83,1.30,9.5,,0
2023-07-09 16:03:01,1234567890,,,,,83,1.30,9.5,,0
2023-07-09 16:04:02,1234567890,,,,,76,1.30,9.5,,0
2023-07-09 16:05:01,1234567890,,,,,76,1.30,9.5,,0
2023-07-09 16:06:01,1234567890,,,,,76,1.30,9.5,,0
2023-07-09 16:07:01,1234567890,,,,,76,1.30,9.5,,0
2023-07-09 16:08:01,1234567890,,,,,76,1.30,9.5,,1
2023-07-09 16:09:01,1234567890,,,,,76,1.30,9.5,,0
2023-07-09 16:10:01,1234567890,,,,,63,1.40,9.5,,0
2023-07-09 16:11:02,1234567890,,,,,63,1.40,9.5,,0
2023-07-09 16:12:01,1234567890,,,,,63,1.40,9.5,,0
2023-07-09 16:13:01,1234567890,,,,,63,1.40,9.5,,0
2023-07-09 16:14:01,1234567890,,,,,44,1.40,9.5,,0
2023-07-09 16:15:01,1234567890,,,,,44,1.40,9.5,,0
2023-07-09 16:16:01,1234567890,,,,,44,1.40,9.5,,0
2023-07-09 16:17:01,1234567890,,,,,44,1.40,9.5,,1
2023-07-09 16:18:01,1234567890,,,,,44,1.40,9.5,,0
2023-07-09 16:19:01,1234567890,,,,,26,1.40,9.5,,0
2023-07-09 16:20:01,1234567890,,,,,26,1.40,9.5,,0
2023-07-09 16:21:02,1234567890,,,,,26,1.40,9.5,,0
2023-07-09 16:22:01,1234567890,,,,,26,1.40,9.5,,0
2023-07-09 16:23:01,1234567890,,,,,26,1.40,9.5,,0
2023-07-09 16:24:01,1234567890,,,,,15,1.40,9.5,,0
2023-07-09 16:25:01,1234567890,,,,,15,1.40,9.5,,1
2023-07-09 16:26:01,1234567890,,,,,15,1.40,9.5,,0
2023-07-09 16:27:01,1234567890,,,,,15,1.40,9.5,,0
2023-07-09 16:28:01,1234567890,,,,,15,1.40,9.5,,0
2023-07-09 16:29:01,1234567890,,,,,10,1.40,9.5,F08,0
2023-07-09 16:30:01,1234567890,,,,,10,1.40,9.5,F08,0
2023-07-09 16:31:01,1234567890,,,,,10,1.40,9.5,F08,0
2023-07-09 16:32:01,1234567890,,,,,10,1.40,9.5,F08,0
2023-07-09 16:33:02,1234567890,,,,,10,1.40,9.5,F08,0
2023-07-09 16:34:01,1234567890,,,,,10,1.40,9.5,F08,1
2023-07-09 16:35:01,1234567890,,,,,6,1.40,9.5,,0
2023-07-09 16:36:01,1234567890,,,,,6,1.40,9.5,,0
2023-07-09 16:37:01,1234567890,,,,,6,1.40,9.5,,0
2023-07-09 16:38:01,1234567890,,,,,6,1.40,9.5,,0
2023-07-09 16:39:01,1234567890,,,,,7,1.40,9.5,,0
2023-07-09 16:40:01,1234567890,,,,,7,1.40,9.5,,0
2023-07-09 16:41:01,1234567890,,,,,7,1.40,9.5,,0
2023-07-09 16:42:01,1234567890,,,,,7,1.40,9.5,,1
2023-07-09 16:43:01,1234567890,,,,,7,1.40,9.5,,0
2023-07-09 16:44:01,1234567890,,,,,7,1.40,9.5,,0
2023-07-09 16:45:02,1234567890,,,,,9,1.40,9.5,,0
2023-07-09 16:46:02,1234567890,,,,,9,1.40,9.5,,0
2023-07-09 16:47:01,1234567890,,,,,9,1.40,9.5,,0
2023-07-09 16:48:02,1234567890,,,,,9,1.40,9.5,,0
2023-07-09 16:49:01,1234567890,,,,,8,1.40,9.5,,0
2023-07-09 16:50:01,1234567890,,,,,8,1.40,9.5,,0
2023-07-09 16:51:02,1234567890,,,,,8,1.40,9.5,,1
2023-07-09 16:52:01,1234567890,,,,,8,1.40,9.5,,0
2023-07-09 16:53:01,1234567890,,,,,8,1.40,9.5,,0
2023-07-09 16:54:01,1234567890,,,,,10,1.40,9.5,,0
2023-07-09 16:55:01,1234567890,,,,,10,1.40,9.5,,0
2023-07-09 16:56:01,1234567890,,,,,10,1.40,9.5,,0
2023-07-09 16:57:01,1234567890,,,,,10,1.40,9.5,,0
2023-07-09 16:58:01,1234567890,,,,,10,1.40,9.5,,0
2023-07-09 16:59:01,1234567890,,,,,10,1.40,9.5,,1
2023-07-09 17:00:01,1234567890,,,,,11,1.40,9.5,,0
2023-07-09 17:01:01,1234567890,,,,,11,1.40,9.5,,0
2023-07-09 17:02:01,1234567890,,,,,11,1.40,9.5,,0
2023-07-09 17:03:01,1234567890,,,,,11,1.40,9.5,,0
2023-07-09 17:04:01,1234567890,,,,,8,1.40,9.5,,0
2023-07-09 17:05:01,1234567890,,,,,8,1.40,9.5,,0
2023-07-09 17:06:01,1234567890,,,,,8,1.40,9.5,,0
2023-07-09 17:07:01,1234567890,,,,,8,1.40,9.5,,0
2023-07-09 17:08:02,1234567890,,,,,8,1.40,9.5,,1
2023-07-09 17:09:01,1234567890,,,,,8,1.40,9.5,,0
2023-07-09 17:10:01,1234567890,,,,,7,1.40,9.5,,0
2023-07-09 17:11:01,1234567890,,,,,7,1.40,9.5,,0
2023-07-09 17:12:01,1234567890,,,,,7,1.40,9.5,,0
2023-07-09 17:13:01,1234567890,,,,,7,1.40,9.5,,0
2023-07-09 17:14:01,1234567890,,,,,6,1.40,9.5,,0
2023-07-09 17:15:01,1234567890,,,,,6,1.40,9.5,,0
2023-07-09 17:16:05,1234567890,,,,,6,1.40,9.5,,0
2023-07-09 17:17:01,1234567890,,,,,6,1.40,9.5,,0
2023-07-09 17:18:01,1234567890,,,,,6,1.40,9.5,,0
2023-07-09 17:19:01,1234567890,,,,,6,1.40,9.5,,0
2023-07-09 17:20:01,1234567890,,,,,6,1.40,9.5,,0
2023-07-09 17:21:02,1234567890,,,,,6,1.40,9.5,,0
2023-07-09 17:22:02,1234567890,,,,,6,1.40,9.5,,0
2023-07-09 17:23:01,1234567890,,,,,6,1.40,9.5,,0
2023-07-09 17:24:01,1234567890,,,,,6,1.40,9.5,,0
2023-07-09 17:25:01,1234567890,,,,,6,1.40,9.5,,1
2023-07-09 17:26:01,1234567890,,,,,6,1.40,9.5,,0
2023-07-09 17:27:01,1234567890,,,,,6,1.40,9.5,,0
2023-07-09 17:28:01,1234567890,,,,,6,1.40,9.5,,0
2023-07-09 17:29:01,1234567890,,,,,7,1.40,9.5,,0
2023-07-09 17:30:01,1234567890,,,,,7,1.40,9.5,,0
2023-07-09 17:31:01,1234567890,,,,,7,1.40,9.5,,0
2023-07-09 17:32:01,1234567890,,,,,7,1.40,9.5,,0
2023-07-09 17:33:01,1234567890,,,,,7,1.40,9.5,,1
2023-07-09 17:34:01,1234567890,,,,,7,1.40,9.5,,0
2023-07-09 17:35:01,1234567890,,,,,7,1.40,9.5,,0
2023-07-09 17:36:02,1234567890,,,,,7,1.40,9.5,,0
2023-07-09 17:37:01,1234567890,,,,,7,1.40,9.5,,0
2023-07-09 17:38:01,1234567890,,,,,7,1.40,9.5,,0
2023-07-09 17:39:01,1234567890,,,,,7,1.40,9.5,,0
2023-07-09 17:40:01,1234567890,,,,,7,1.40,9.5,,0
2023-07-09 17:41:02,1234567890,,,,,7,1.40,9.5,,0
